File Download URL	Experiment Set Accession	Experiment Accession	File Accession	Size (MB)	md5sum	File Type	File Format	Bio Rep No	Tech Rep No	Biosource Type	Organism	Related File Relationship	Related File	Paired End	Set Status	File Status	Publication	Experiment Type	Replicate Info	Assay Details	Biosource	Dataset	Condition	In Experiment As	Project	Generating Lab	Experimental Lab	Contributing Lab	Notes	Open Data URL
https://data.4dnucleome.org/files-processed/4DNFIS7J9B9X/@@download/4DNFIS7J9B9X.bedGraph.gz	4DNESDQ9PZOX	4DNEXGZEOJE6	4DNFIS7J9B9X	3.49	6ea77e9926dc0b537bf82cdbaee97bba	normalized counts	bg	1	1	immortalized cell line	human	N/A	N/A	N/A	released	released	Correspondence: gilbert@sdbri.org	2-stage Repli-seq	Biorep 1, Techrep 1	late fraction of 2 fractions	GM12878 (Tier 1)	E/L repliseq on GM12878 cells (2017-08-17)	late	processed file	4DN	4DN DCIC, HMS	David Gilbert, SDBRI	Jian Ma, CMU, David Gilbert, SDBRI	N/A	https://4dn-open-data-public.s3.amazonaws.com/fourfront-webprod/wfoutput/c2b00b2c-e3da-4fd8-b03c-99122c364ed6/4DNFIS7J9B9X.bedGraph.gz
https://data.4dnucleome.org/files-processed/4DNFIS7J9B9X/@@download/4DNFIS7J9B9X.bedGraph.gz.px2	4DNESDQ9PZOX	4DNEXGZEOJE6	4DNFIS7J9B9X	0.97	4344fe4f557f8e31c5567b5c744f6eb9	normalized counts	bg_px2	1	1	immortalized cell line	human	secondary file for	4DNFIS7J9B9X	N/A	released	released	Correspondence: gilbert@sdbri.org	2-stage Repli-seq	Biorep 1, Techrep 1	late fraction of 2 fractions	GM12878 (Tier 1)	E/L repliseq on GM12878 cells (2017-08-17)	late	processed file	4DN	4DN DCIC, HMS	David Gilbert, SDBRI	Jian Ma, CMU, David Gilbert, SDBRI	N/A	https://4dn-open-data-public.s3.amazonaws.com/fourfront-webprod/wfoutput/c2b00b2c-e3da-4fd8-b03c-99122c364ed6/4DNFIS7J9B9X.bedGraph.gz
https://data.4dnucleome.org/files-processed/4DNFIT26294Y/@@download/4DNFIT26294Y.bedGraph.gz	4DNESDQ9PZOX	4DNEXFBHF2ZI	4DNFIT26294Y	3.44	511d61e14ecf87e6ca445149fc320dab	normalized counts	bg	2	1	immortalized cell line	human	N/A	N/A	N/A	released	released	Correspondence: gilbert@sdbri.org	2-stage Repli-seq	Biorep 2, Techrep 1	late fraction of 2 fractions	GM12878 (Tier 1)	E/L repliseq on GM12878 cells (2017-08-17)	late	processed file	4DN	4DN DCIC, HMS	David Gilbert, SDBRI	Jian Ma, CMU, David Gilbert, SDBRI	N/A	https://4dn-open-data-public.s3.amazonaws.com/fourfront-webprod/wfoutput/d1f42877-4b64-419d-9111-79976ebf9f9a/4DNFIT26294Y.bedGraph.gz
https://data.4dnucleome.org/files-processed/4DNFIT26294Y/@@download/4DNFIT26294Y.bedGraph.gz.px2	4DNESDQ9PZOX	4DNEXFBHF2ZI	4DNFIT26294Y	0.97	aa0b7aabcf9472e8cf7f6e2d6af95c36	normalized counts	bg_px2	2	1	immortalized cell line	human	secondary file for	4DNFIT26294Y	N/A	released	released	Correspondence: gilbert@sdbri.org	2-stage Repli-seq	Biorep 2, Techrep 1	late fraction of 2 fractions	GM12878 (Tier 1)	E/L repliseq on GM12878 cells (2017-08-17)	late	processed file	4DN	4DN DCIC, HMS	David Gilbert, SDBRI	Jian Ma, CMU, David Gilbert, SDBRI	N/A	https://4dn-open-data-public.s3.amazonaws.com/fourfront-webprod/wfoutput/d1f42877-4b64-419d-9111-79976ebf9f9a/4DNFIT26294Y.bedGraph.gz
https://data.4dnucleome.org/files-processed/4DNFI6TILWWX/@@download/4DNFI6TILWWX.bedGraph.gz	4DNESO83H9ZI	4DNEXF2KKZF1	4DNFI6TILWWX	3.48	1cbffc7c6beae65f9489edd186f0908b	normalized counts	bg	1	1	immortalized cell line	human	N/A	N/A	N/A	released	released	Correspondence: gilbert@sdbri.org	2-stage Repli-seq	Biorep 1, Techrep 1	early fraction of 2 fractions	GM12878 (Tier 1)	E/L repliseq on GM12878 cells (2017-08-17)	early	processed file	4DN	4DN DCIC, HMS	David Gilbert, SDBRI	Jian Ma, CMU, David Gilbert, SDBRI	N/A	https://4dn-open-data-public.s3.amazonaws.com/fourfront-webprod/wfoutput/edcf51a3-36aa-41d3-a334-f93c450c372a/4DNFI6TILWWX.bedGraph.gz
https://data.4dnucleome.org/files-processed/4DNFI6TILWWX/@@download/4DNFI6TILWWX.bedGraph.gz.px2	4DNESO83H9ZI	4DNEXF2KKZF1	4DNFI6TILWWX	N/A	N/A	normalized counts	bg_px2	1	1	immortalized cell line	human	secondary file for	4DNFI6TILWWX	N/A	released	released	Correspondence: gilbert@sdbri.org	2-stage Repli-seq	Biorep 1, Techrep 1	early fraction of 2 fractions	GM12878 (Tier 1)	E/L repliseq on GM12878 cells (2017-08-17)	early	processed file	4DN	4DN DCIC, HMS	David Gilbert, SDBRI	Jian Ma, CMU, David Gilbert, SDBRI	N/A	https://4dn-open-data-public.s3.amazonaws.com/fourfront-webprod/wfoutput/edcf51a3-36aa-41d3-a334-f93c450c372a/4DNFI6TILWWX.bedGraph.gz
https://data.4dnucleome.org/files-processed/4DNFIIMJQ8NT/@@download/4DNFIIMJQ8NT.bedGraph.gz	4DNESO83H9ZI	4DNEXI55T28T	4DNFIIMJQ8NT	3.51	867f3d4d316a1f157dd3f3d825309287	normalized counts	bg	2	1	immortalized cell line	human	N/A	N/A	N/A	released	released	Correspondence: gilbert@sdbri.org	2-stage Repli-seq	Biorep 2, Techrep 1	early fraction of 2 fractions	GM12878 (Tier 1)	E/L repliseq on GM12878 cells (2017-08-17)	early	processed file	4DN	4DN DCIC, HMS	David Gilbert, SDBRI	Jian Ma, CMU, David Gilbert, SDBRI	N/A	https://4dn-open-data-public.s3.amazonaws.com/fourfront-webprod/wfoutput/d8086029-7118-4374-bf8f-43a4d4e9d266/4DNFIIMJQ8NT.bedGraph.gz
https://data.4dnucleome.org/files-processed/4DNFIIMJQ8NT/@@download/4DNFIIMJQ8NT.bedGraph.gz.px2	4DNESO83H9ZI	4DNEXI55T28T	4DNFIIMJQ8NT	N/A	N/A	normalized counts	bg_px2	2	1	immortalized cell line	human	secondary file for	4DNFIIMJQ8NT	N/A	released	released	Correspondence: gilbert@sdbri.org	2-stage Repli-seq	Biorep 2, Techrep 1	early fraction of 2 fractions	GM12878 (Tier 1)	E/L repliseq on GM12878 cells (2017-08-17)	early	processed file	4DN	4DN DCIC, HMS	David Gilbert, SDBRI	Jian Ma, CMU, David Gilbert, SDBRI	N/A	https://4dn-open-data-public.s3.amazonaws.com/fourfront-webprod/wfoutput/d8086029-7118-4374-bf8f-43a4d4e9d266/4DNFIIMJQ8NT.bedGraph.gz

